datetime,kernel_cpu_cape,kernel_gpu_cape,kernel_cpu_cin,ncei_cape,ncei_cin
2025-01-01 00Z,0.0,0.0,-11764.052,7.0,0.0
2025-01-05 00Z,3.296,3.296,0.0,0.0,-1.0
2025-01-05 12Z,713.625,713.721,-6.966,217.0,-31.0
2025-01-06 00Z,89.945,89.947,0.0,21.0,0.0
2025-01-10 00Z,35.116,35.117,0.0,0.0,0.0
2025-01-10 12Z,15.074,15.075,0.0,0.0,-1.0
2025-01-13 00Z,4.553,4.553,0.0,1.0,0.0
2025-01-24 00Z,5.567,5.567,0.0,4.0,0.0
2025-01-30 00Z,452.243,452.263,0.0,0.0,0.0
2025-01-30 12Z,0.0,0.0,-9114.437,0.0,-4.0
2025-01-31 00Z,888.477,888.482,0.0,251.0,0.0
2025-01-31 12Z,286.956,286.96,0.0,0.0,-3.0
2025-02-04 12Z,652.543,652.628,-267.644,2.0,0.0
2025-02-05 00Z,1587.072,1587.135,-3.055,6.0,0.0
2025-02-05 12Z,874.966,875.01,0.0,1.0,0.0
2025-02-06 00Z,879.404,879.403,-175.175,0.0,0.0
2025-02-06 12Z,222.109,222.113,-482.943,0.0,0.0
2025-02-07 00Z,1242.445,1242.448,0.0,11.0,0.0
2025-02-07 12Z,228.326,228.332,-153.665,2.0,0.0
2025-02-11 00Z,414.154,414.159,0.0,2.0,0.0
2025-02-11 12Z,239.409,239.415,0.0,4.0,0.0
2025-02-12 00Z,287.327,287.327,0.0,10.0,0.0
2025-02-12 12Z,166.924,166.93,-1.439,3.0,0.0
2025-02-13 00Z,4.23,4.23,0.0,9.0,0.0
2025-02-13 12Z,59.398,59.399,-3.171,1.0,0.0
2025-02-15 12Z,313.695,313.695,0.0,0.0,0.0
2025-02-16 00Z,29.175,29.174,0.0,13.0,0.0
2025-02-16 12Z,1.425,1.425,0.0,1.0,0.0
2025-02-19 00Z,0.34,0.34,0.0,3.0,0.0
2025-02-19 12Z,39.944,39.944,0.0,5.0,0.0
2025-02-20 00Z,0.921,0.921,-0.529,11.0,0.0
2025-03-04 00Z,1018.954,1018.958,0.0,1.0,0.0
2025-03-05 00Z,0.078,0.078,0.0,21.0,0.0
2025-03-05 12Z,143.465,143.466,0.0,2.0,-2.0
2025-03-09 00Z,8.47,8.472,-16.3,2.0,0.0
2025-03-13 00Z,8995.196,8995.37,0.0,287.0,-200.0
2025-03-16 00Z,2263.588,2263.604,0.0,9.0,0.0
2025-03-19 00Z,8616.718,8616.721,0.0,19.0,-481.0
2025-03-20 00Z,0.0,0.0,-14832.962,1.0,0.0
2025-03-23 00Z,9726.308,9726.354,0.0,1341.0,-2.0
2025-03-23 12Z,2356.635,2356.652,-8.563,187.0,-500.0
2025-03-26 00Z,1232.389,1232.443,0.0,45.0,-120.0
2025-03-27 00Z,8000.591,8000.649,0.0,1866.0,0.0
2025-03-28 00Z,8936.109,8936.162,0.0,1339.0,0.0
2025-03-28 12Z,15.282,15.288,0.0,1.0,0.0
2025-03-29 00Z,3467.23,3467.24,0.0,605.0,0.0
2025-03-30 00Z,10256.368,10256.407,0.0,3849.0,0.0
2025-03-30 12Z,1467.21,1467.234,-117.981,1.0,0.0
2025-04-02 00Z,6807.483,6807.523,0.0,2461.0,0.0
2025-04-04 00Z,279.441,279.456,0.0,8.0,0.0
2025-04-04 12Z,177.256,177.263,-14.147,0.0,-1.0
2025-04-05 00Z,316.272,316.277,-0.425,8.0,0.0
2025-04-05 12Z,0.0,0.0,-7447.815,10.0,0.0
2025-04-06 00Z,259.729,259.737,0.0,18.0,0.0
2025-04-06 12Z,0.0,0.0,-10506.723,4.0,0.0
2025-04-10 00Z,9536.718,9536.783,0.0,17.0,-344.0
2025-04-11 00Z,10203.279,10203.283,0.0,31.0,-44.0
2025-04-13 00Z,8353.394,8353.456,0.0,17.0,-833.0
2025-04-14 00Z,16040.294,16040.299,0.0,1099.0,-390.0
2025-04-17 00Z,8244.527,8244.61,0.0,1643.0,-2.0
2025-04-18 00Z,9853.977,9854.01,0.0,2830.0,-295.0
2025-04-18 12Z,1673.088,1673.118,-317.55,788.0,-644.0
2025-04-19 12Z,936.362,936.381,0.0,2.0,0.0
2025-04-20 00Z,574.955,574.989,0.0,1.0,0.0
2025-04-22 00Z,7339.746,7339.757,0.0,17.0,-41.0
2025-04-23 00Z,10678.908,10678.968,0.0,2856.0,-29.0
2025-04-23 12Z,2727.539,2727.588,0.0,369.0,-294.0
2025-04-24 00Z,7400.685,7400.74,0.0,483.0,-15.0
2025-04-24 12Z,0.217,0.217,0.0,1.0,-170.0
2025-04-25 00Z,5430.085,5430.104,0.0,1236.0,0.0
2025-04-26 00Z,7714.31,7714.358,0.0,1143.0,-1.0
2025-04-27 12Z,2604.515,2604.539,0.0,204.0,-2.0
2025-04-28 00Z,4927.403,4927.486,0.0,2227.0,-2.0
2025-04-28 12Z,4419.192,4419.238,0.0,1767.0,-7.0
2025-04-29 00Z,5678.353,5678.361,0.0,3596.0,-3.0
2025-04-30 00Z,1358.524,1358.538,0.0,150.0,0.0
2025-05-01 00Z,2145.393,2145.396,0.0,397.0,0.0
2025-05-02 12Z,149.835,149.84,0.0,17.0,-1.0
2025-05-03 00Z,5029.202,5029.269,0.0,36.0,0.0
2025-05-05 00Z,5739.058,5739.081,0.0,1.0,-196.0
2025-05-07 00Z,1068.499,1068.513,-21.796,18.0,0.0
2025-05-07 12Z,432.598,432.613,-72.076,433.0,0.0
2025-05-08 00Z,4907.449,4907.537,0.0,1428.0,0.0
2025-05-08 12Z,17.157,17.159,0.0,0.0,-38.0
2025-05-09 00Z,4852.787,4852.845,0.0,456.0,0.0
2025-05-10 00Z,8317.924,8318.023,0.0,1209.0,0.0
2025-05-11 00Z,5933.117,5933.123,0.0,24.0,-454.0
2025-05-13 00Z,8587.368,8587.433,0.0,455.0,-198.0
2025-05-14 00Z,11980.705,11980.857,0.0,2192.0,-354.0
2025-05-14 12Z,1041.468,1041.536,-800.434,206.0,-1270.0
2025-05-15 00Z,17670.557,17670.617,0.0,213.0,-580.0
2025-05-18 12Z,5594.195,5594.222,-12.291,1754.0,-426.0
2025-05-19 12Z,5002.987,5002.992,0.0,3125.0,-165.0
2025-05-20 00Z,9756.984,9757.162,0.0,6102.0,-12.0
2025-05-21 00Z,8444.538,8444.638,0.0,10.0,0.0
2025-05-22 00Z,12091.089,12091.119,0.0,361.0,-80.0
2025-05-23 00Z,1677.957,1678.002,0.0,1283.0,-53.0
2025-05-23 12Z,1595.759,1595.794,0.0,0.0,-892.0
2025-05-24 00Z,10866.798,10866.867,0.0,3812.0,0.0
2025-05-24 12Z,4924.105,4924.214,0.0,88.0,-888.0
2025-05-25 00Z,9184.476,9184.522,0.0,5727.0,-1.0
2025-05-25 12Z,3379.973,3380.0,0.0,2650.0,-525.0
2025-05-26 12Z,308.531,308.54,0.0,17.0,-427.0
2025-05-27 00Z,4253.927,4253.968,0.0,1868.0,0.0
2025-05-27 12Z,19.861,19.861,0.0,0.0,-130.0
2025-05-28 00Z,4308.87,4308.915,0.0,1112.0,0.0
2025-05-29 00Z,6380.392,6380.46,0.0,1982.0,0.0
2025-05-31 00Z,6901.079,6901.136,0.0,7.0,0.0
2025-06-01 00Z,9650.108,9650.298,0.0,1037.0,-43.0
2025-06-03 00Z,13144.972,13145.029,0.0,7231.0,-1.0
2025-06-04 12Z,23.358,23.373,0.0,5.0,0.0
2025-06-05 00Z,3623.763,3623.828,0.0,336.0,0.0
2025-06-05 12Z,183.667,183.675,-0.231,58.0,-2.0
2025-06-06 00Z,2035.61,2035.632,0.0,1636.0,-1.0
2025-06-07 00Z,10314.311,10314.533,0.0,4544.0,-1.0
2025-06-08 00Z,9151.431,9151.481,0.0,3836.0,-27.0
2025-06-08 12Z,8085.727,8085.747,0.0,964.0,-390.0
2025-06-09 12Z,1124.538,1124.558,-2.202,25.0,-502.0
2025-06-10 00Z,11564.972,11565.074,0.0,557.0,-134.0
2025-06-11 00Z,10318.354,10318.42,0.0,3185.0,-4.0
2025-06-11 12Z,3091.169,3091.197,0.0,0.0,-610.0
2025-06-12 00Z,3942.865,3943.186,0.0,1352.0,0.0
2025-06-12 12Z,816.959,816.988,0.0,631.0,0.0
2025-06-13 00Z,7363.467,7363.504,0.0,2469.0,0.0
2025-06-13 12Z,3304.718,3304.756,0.0,666.0,-168.0
2025-06-14 00Z,11723.755,11723.952,0.0,3823.0,-68.0
2025-06-14 12Z,4284.454,4284.458,-83.0,2613.0,-306.0
2025-06-15 00Z,5876.75,5876.763,0.0,3128.0,-112.0
2025-06-16 00Z,8136.741,8136.762,0.0,1671.0,0.0
2025-06-17 00Z,12900.795,12901.015,0.0,2814.0,-210.0
2025-06-17 12Z,6036.315,6036.483,0.0,1761.0,-460.0
2025-06-19 00Z,10672.484,10672.6,0.0,5077.0,0.0
2025-06-19 12Z,5269.427,5269.483,0.0,1944.0,-270.0
2025-06-20 00Z,15445.306,15445.439,0.0,5425.0,-3.0
2025-06-20 12Z,4658.837,4658.882,-2.261,1613.0,-329.0
2025-06-21 00Z,13653.177,13653.257,0.0,4313.0,0.0
2025-06-21 12Z,3612.443,3612.455,0.0,1534.0,-280.0
2025-06-22 00Z,11860.983,11861.193,0.0,3087.0,-1.0
2025-06-22 12Z,1296.035,1296.073,0.0,849.0,-152.0
2025-06-23 00Z,12703.42,12703.589,0.0,3037.0,0.0
2025-06-23 12Z,1849.462,1849.503,-16.99,675.0,-159.0
2025-06-24 00Z,13722.209,13722.35,0.0,2778.0,0.0
2025-06-24 12Z,3641.318,3641.387,-1.003,290.0,-219.0
2025-06-25 00Z,12853.583,12853.584,0.0,2766.0,0.0
2025-06-25 12Z,3818.463,3818.486,0.0,329.0,-164.0
2025-06-26 00Z,11574.863,11574.936,0.0,2968.0,0.0
2025-06-26 12Z,1658.742,1658.757,-46.348,681.0,-188.0
2025-06-27 00Z,2270.057,2270.059,0.0,3291.0,-22.0
2025-06-27 12Z,4298.985,4298.988,0.0,701.0,-190.0
2025-06-28 00Z,3161.509,3161.549,0.0,438.0,-228.0
2025-06-28 12Z,2137.616,2137.632,0.0,326.0,-271.0
2025-06-29 00Z,13246.722,13246.812,0.0,5764.0,-25.0
2025-06-29 12Z,4655.474,4655.525,0.0,751.0,-309.0
2025-06-30 00Z,15599.358,15599.443,0.0,5358.0,-1.0
2025-07-01 00Z,9130.308,9130.404,0.0,1680.0,-40.0
2025-07-01 12Z,1389.716,1389.764,0.0,327.0,-262.0
2025-07-02 00Z,9134.626,9134.65,0.0,2022.0,-9.0
2025-07-02 12Z,3646.081,3646.147,0.0,627.0,-137.0
2025-07-03 00Z,8409.133,8409.408,0.0,2926.0,0.0
2025-07-03 12Z,3175.558,3175.609,0.0,652.0,-138.0
2025-07-04 00Z,5217.285,5217.335,0.0,944.0,-8.0
2025-07-04 12Z,458.965,459.029,0.0,15.0,-60.0
2025-07-05 00Z,8309.23,8309.426,0.0,1648.0,-8.0
2025-07-05 12Z,376.073,376.106,0.0,28.0,0.0
2025-07-06 00Z,6667.625,6667.66,0.0,2838.0,-4.0
2025-07-06 12Z,1516.872,1516.91,0.0,199.0,-196.0
2025-07-07 00Z,8263.177,8263.242,0.0,3457.0,0.0
2025-07-07 12Z,1881.048,1881.094,0.0,145.0,-222.0
2025-07-08 00Z,12188.436,12188.689,0.0,4100.0,0.0
2025-07-08 12Z,3126.959,3126.999,0.0,640.0,-183.0
2025-07-09 00Z,13700.403,13700.456,0.0,4955.0,-31.0
2025-07-09 12Z,5224.388,5224.422,0.0,521.0,-351.0
2025-07-10 00Z,13932.678,13932.727,0.0,5177.0,-2.0
2025-07-10 12Z,1898.127,1898.159,-103.454,1625.0,-157.0
2025-07-11 00Z,15299.77,15299.772,0.0,4542.0,-1.0
2025-07-11 12Z,4886.956,4887.033,0.0,750.0,-366.0
2025-07-12 00Z,12949.502,12949.53,0.0,3451.0,-62.0
2025-07-12 12Z,4731.525,4731.557,0.0,1397.0,-174.0
2025-07-13 00Z,1525.497,1525.549,0.0,130.0,0.0
2025-07-13 12Z,425.092,425.137,0.0,54.0,0.0
2025-07-14 00Z,7841.758,7841.914,0.0,1270.0,-16.0
2025-07-14 12Z,3688.833,3688.854,0.0,31.0,-405.0
2025-07-15 00Z,11532.781,11532.79,0.0,3372.0,0.0
2025-07-15 12Z,2357.15,2357.151,-62.129,955.0,-173.0
2025-07-16 00Z,13777.418,13777.525,0.0,4151.0,-8.0
2025-07-16 12Z,4378.292,4378.341,0.0,763.0,-232.0
2025-07-17 00Z,11511.564,11511.722,0.0,6284.0,-3.0
2025-07-17 12Z,2086.226,2086.248,-73.571,1041.0,-214.0
2025-07-18 00Z,14509.198,14509.297,0.0,3799.0,-20.0
2025-07-18 12Z,5425.133,5425.222,0.0,93.0,-354.0
2025-07-19 00Z,15623.43,15623.529,0.0,2270.0,-48.0
2025-07-19 12Z,2606.652,2606.739,-61.626,0.0,-689.0
2025-07-20 00Z,16369.927,16370.174,0.0,3278.0,-92.0
2025-07-20 12Z,6736.014,6736.07,0.0,181.0,-619.0
2025-07-21 00Z,16389.502,16389.58,0.0,4133.0,-84.0
2025-07-21 12Z,3808.971,3809.036,0.0,229.0,-700.0
2025-07-22 00Z,16742.744,16742.877,0.0,6232.0,-46.0
2025-07-22 12Z,5103.456,5103.529,0.0,576.0,-492.0
2025-07-23 00Z,16429.041,16429.059,0.0,2682.0,-85.0
2025-07-23 12Z,3264.618,3264.633,0.0,2142.0,-268.0
2025-07-24 00Z,15821.733,15821.889,0.0,3751.0,-30.0
2025-07-24 12Z,7405.094,7405.127,0.0,675.0,-398.0
2025-07-25 00Z,17572.559,17572.789,0.0,3343.0,-5.0
2025-07-25 12Z,6706.305,6706.465,0.0,90.0,-495.0
2025-07-26 00Z,17558.291,17558.303,0.0,3006.0,-1.0
2025-07-26 12Z,5874.528,5874.528,0.0,873.0,-291.0
2025-07-27 00Z,17187.576,17187.73,0.0,3716.0,-32.0
2025-07-27 12Z,4528.847,4528.941,0.0,818.0,-253.0
2025-07-28 00Z,14228.563,14228.659,0.0,5236.0,0.0
2025-07-28 12Z,5708.045,5708.116,0.0,438.0,-407.0
2025-07-29 00Z,17513.758,17513.773,0.0,4521.0,0.0
2025-07-29 12Z,6287.992,6288.056,0.0,322.0,-506.0
2025-07-30 00Z,18536.248,18536.451,0.0,2707.0,-17.0
2025-07-30 12Z,2082.015,2082.091,-195.505,626.0,-453.0
2025-07-31 00Z,20938.254,20938.309,0.0,1762.0,-8.0
2025-07-31 12Z,7043.076,7043.081,0.0,266.0,-363.0
2025-08-01 00Z,13012.714,13012.795,0.0,3215.0,0.0
2025-08-01 12Z,1306.489,1306.492,0.0,392.0,0.0
2025-08-02 00Z,3419.759,3419.854,0.0,531.0,0.0
2025-08-02 12Z,753.792,753.855,0.0,12.0,-41.0
2025-08-03 00Z,9615.513,9615.519,0.0,1635.0,0.0
2025-08-03 12Z,2229.437,2229.529,0.0,410.0,-232.0
2025-08-04 00Z,8676.554,8676.662,0.0,3095.0,0.0
2025-08-05 00Z,12347.861,12347.953,0.0,2831.0,0.0
2025-08-05 12Z,4301.567,4301.682,0.0,93.0,-448.0
2025-08-06 00Z,13034.022,13034.122,0.0,3167.0,0.0
2025-08-06 12Z,5143.64,5143.709,0.0,115.0,-818.0
2025-08-07 00Z,15864.491,15864.499,0.0,4921.0,-139.0
2025-08-08 00Z,18467.689,18467.689,0.0,5792.0,-141.0
2025-08-08 12Z,8318.353,8318.544,0.0,1478.0,-677.0
2025-08-09 00Z,19622.961,19623.066,0.0,4453.0,-259.0
2025-08-09 12Z,5049.411,5049.467,0.0,1986.0,-607.0
2025-08-10 00Z,19374.293,19374.328,0.0,4927.0,-147.0
2025-08-10 12Z,6999.046,6999.103,0.0,1613.0,-574.0
2025-08-11 00Z,17466.211,17466.252,0.0,6042.0,0.0
2025-08-11 12Z,4120.959,4121.084,0.0,1968.0,-290.0
2025-08-12 12Z,2625.901,2626.063,0.0,347.0,-202.0
2025-08-13 00Z,12389.894,12389.95,0.0,2224.0,0.0
2025-08-13 12Z,4450.497,4450.523,0.0,35.0,-338.0
2025-08-14 00Z,15628.814,15628.814,0.0,2724.0,0.0
2025-08-14 12Z,6652.616,6652.67,0.0,593.0,-312.0
2025-08-15 00Z,17166.816,17167.008,0.0,3904.0,-17.0
2025-08-15 12Z,3380.511,3380.577,-141.68,2412.0,-358.0
2025-08-16 00Z,18190.74,18190.934,0.0,4598.0,-4.0
2025-08-16 12Z,6079.076,6079.129,0.0,842.0,-274.0
2025-08-17 00Z,16588.906,16589.002,0.0,3639.0,0.0
2025-08-17 12Z,6162.213,6162.263,0.0,894.0,-210.0
2025-08-18 00Z,11803.223,11803.251,0.0,4139.0,-66.0
2025-08-18 12Z,6797.908,6797.938,0.0,1339.0,-294.0
2025-08-19 00Z,20110.816,20110.883,0.0,3334.0,-1.0
2025-08-19 12Z,3096.128,3096.174,0.0,1827.0,-296.0
2025-08-20 00Z,19777.053,19777.084,0.0,2544.0,-2.0
2025-08-20 12Z,3816.811,3816.888,0.0,68.0,-368.0
2025-08-21 00Z,16381.525,16381.711,0.0,3001.0,0.0
2025-08-21 12Z,3265.502,3265.507,0.0,312.0,-180.0
2025-08-23 00Z,16139.816,16139.929,0.0,203.0,0.0
2025-08-24 00Z,15597.68,15597.746,0.0,1962.0,0.0
2025-08-24 12Z,1183.385,1183.398,-62.013,26.0,-378.0
2025-08-25 00Z,14624.066,14624.103,0.0,2153.0,0.0
2025-08-26 00Z,12.382,12.382,0.0,2.0,0.0
2025-08-26 12Z,79.188,79.193,0.0,1.0,0.0
2025-08-27 00Z,15.023,15.026,0.0,7.0,0.0
2025-08-27 12Z,747.276,747.346,-0.068,3.0,0.0
2025-08-28 00Z,3602.788,3602.804,0.0,1071.0,0.0
2025-08-29 00Z,1404.035,1404.06,0.0,603.0,-1.0
2025-08-29 12Z,1163.483,1163.499,0.0,3.0,0.0
2025-08-30 00Z,278.505,278.521,0.0,9.0,0.0
2025-08-30 12Z,334.595,334.62,0.0,4.0,0.0
2025-08-31 00Z,3282.881,3282.996,0.0,948.0,-7.0
2025-08-31 12Z,1278.311,1278.344,0.0,83.0,-91.0
2025-09-01 00Z,6550.46,6550.568,0.0,1954.0,0.0
2025-09-01 12Z,1217.804,1217.816,0.0,610.0,0.0
2025-09-02 00Z,8663.295,8663.302,0.0,1680.0,0.0
2025-09-02 12Z,1967.777,1967.807,0.0,1034.0,-70.0
2025-09-03 00Z,8298.582,8298.705,0.0,976.0,0.0
2025-09-04 00Z,11274.171,11274.32,0.0,1370.0,-160.0
2025-09-05 00Z,11209.974,11209.989,0.0,3089.0,-314.0
2025-09-05 12Z,2634.41,2634.463,0.0,1645.0,-588.0
2025-09-10 00Z,9745.143,9745.162,0.0,1193.0,-204.0
2025-09-11 00Z,7685.976,7685.994,0.0,1558.0,-253.0
2025-09-12 00Z,14348.523,14348.57,0.0,375.0,-229.0
2025-09-13 00Z,15782.396,15782.646,0.0,2185.0,-3.0
2025-09-14 00Z,12080.505,12080.595,0.0,1108.0,-41.0
2025-09-14 12Z,6230.49,6230.508,0.0,27.0,-327.0
2025-09-15 00Z,11164.882,11165.045,0.0,1008.0,-86.0
2025-09-15 12Z,6050.194,6050.242,0.0,33.0,-374.0
2025-09-16 00Z,14826.625,14826.643,0.0,1621.0,-27.0
2025-09-16 12Z,4538.265,4538.297,0.0,60.0,-490.0
2025-09-17 00Z,15108.757,15108.89,0.0,2286.0,-3.0
2025-09-18 00Z,16517.619,16517.684,0.0,1045.0,-11.0
2025-09-18 12Z,1385.233,1385.234,0.0,59.0,-460.0
2025-09-19 00Z,10718.091,10718.189,0.0,1740.0,-38.0
2025-09-19 12Z,143.589,143.593,0.0,4.0,-397.0
2025-09-20 00Z,12630.923,12630.963,0.0,2146.0,-4.0
2025-09-20 12Z,2642.043,2642.045,-52.898,667.0,-306.0
2025-09-21 00Z,10734.261,10734.328,0.0,2591.0,-104.0
2025-09-22 00Z,1334.398,1334.435,0.0,1002.0,-30.0
2025-09-23 00Z,13181.739,13181.913,0.0,5300.0,0.0
2025-09-23 12Z,4334.432,4334.476,0.0,1870.0,-394.0
2025-09-24 00Z,2686.804,2686.888,0.0,1688.0,-112.0
2025-09-24 12Z,353.787,353.801,0.0,40.0,-2.0
2025-09-25 00Z,5763.148,5763.228,0.0,534.0,0.0
2025-09-26 00Z,10189.41,10189.427,0.0,70.0,0.0
2025-09-28 00Z,12803.336,12803.525,0.0,5.0,-148.0
2025-09-29 00Z,10103.168,10103.201,0.0,9.0,-16.0
2025-09-30 00Z,8432.34,8432.444,0.0,5.0,-5.0
2025-10-01 00Z,9742.847,9742.91,0.0,22.0,-1.0
2025-10-02 00Z,11051.161,11051.283,0.0,430.0,-88.0
2025-10-03 00Z,12228.667,12228.714,0.0,303.0,-148.0
2025-10-04 00Z,12351.392,12351.465,0.0,495.0,-17.0
2025-10-07 00Z,12538.998,12539.128,0.0,214.0,-1.0
2025-10-07 12Z,842.306,842.314,0.0,2.0,0.0
2025-10-08 00Z,2127.254,2127.27,0.0,222.0,-98.0
2025-10-08 12Z,819.232,819.241,0.0,3.0,0.0
2025-10-09 00Z,776.089,776.123,0.0,471.0,-67.0
2025-10-09 12Z,1285.986,1286.023,0.0,16.0,-248.0
2025-10-10 00Z,9810.062,9810.122,0.0,692.0,-5.0
2025-10-11 00Z,11152.04,11152.139,0.0,513.0,-57.0
2025-10-12 00Z,11428.267,11428.372,0.0,1.0,-135.0
2025-10-18 00Z,11241.598,11241.722,0.0,970.0,-165.0
2025-10-18 12Z,3423.676,3423.7,0.0,159.0,-643.0
2025-10-19 00Z,7292.383,7292.403,0.0,1269.0,-49.0
2025-10-24 00Z,2610.822,2610.839,0.0,2134.0,-33.0
2025-10-25 00Z,1686.579,1686.624,0.0,1.0,0.0
2025-10-25 12Z,75.223,75.223,0.0,1.0,0.0
2025-10-27 00Z,587.076,587.219,0.0,77.0,0.0
2025-10-27 12Z,423.152,423.213,0.0,0.0,-2.0
2025-10-28 00Z,677.415,677.534,0.0,24.0,-11.0
2025-10-28 12Z,951.287,951.291,0.0,115.0,0.0
2025-10-30 00Z,38.852,38.852,0.0,0.0,0.0
2025-11-17 12Z,2818.451,2818.501,-18.867,57.0,-1.0
2025-11-20 00Z,7275.755,7275.908,0.0,1418.0,-54.0
2025-11-20 12Z,2178.303,2178.367,0.0,264.0,-221.0
2025-11-21 00Z,1665.685,1665.697,0.0,493.0,-20.0
2025-11-21 12Z,7.431,7.433,-211.511,0.0,-304.0
2025-11-22 00Z,233.767,233.786,0.0,0.0,0.0
2025-11-22 12Z,653.989,653.994,0.0,9.0,0.0
2025-11-23 12Z,646.798,646.836,0.0,0.0,0.0
2025-11-25 00Z,440.05,440.098,0.0,34.0,-24.0
2025-11-25 12Z,404.364,404.369,0.0,1.0,0.0
2025-12-02 00Z,16.441,16.443,-6.641,12.0,0.0
2025-12-04 00Z,17.264,17.264,0.0,0.0,0.0
2025-12-04 12Z,0.0,0.0,-9688.23,0.0,0.0
2025-12-05 12Z,275.214,275.226,0.0,0.0,0.0
2025-12-06 12Z,22.176,22.177,0.0,0.0,0.0
2025-12-07 00Z,151.85,151.855,0.0,4.0,0.0
2025-12-08 00Z,114.881,114.881,0.0,7.0,0.0
2025-12-08 12Z,0.0,0.0,-10554.068,2.0,0.0
2025-12-14 12Z,5.616,5.616,0.0,1.0,0.0
2025-12-18 00Z,2070.967,2070.974,0.0,0.0,-21.0
2025-12-24 00Z,4906.483,4906.551,0.0,53.0,-661.0
2025-12-28 00Z,6282.411,6282.485,0.0,128.0,-389.0
2025-12-28 12Z,520.248,520.249,0.0,2.0,-534.0
2026-01-08 12Z,1380.354,1380.37,0.0,719.0,-71.0
2026-01-10 12Z,0.057,0.057,-28.13,0.0,0.0
2026-01-15 00Z,2.616,2.616,0.0,24.0,-1.0
2026-01-24 12Z,0.0,0.0,-8234.438,1.0,0.0
2026-01-25 00Z,0.596,0.596,0.0,6.0,0.0
2026-01-25 12Z,0.0,0.0,-12057.633,4.0,0.0
2026-02-05 00Z,1068.169,1068.175,0.0,23.0,0.0
2026-02-14 00Z,6030.258,6030.426,0.0,1153.0,-47.0
2026-02-14 12Z,242.005,242.011,0.0,73.0,-191.0
2026-02-15 00Z,336.746,336.775,0.0,309.0,-3.0
2026-02-15 12Z,213.946,213.954,0.0,18.0,0.0
2026-02-18 00Z,4556.979,4557.064,0.0,1.0,-635.0
2026-03-01 00Z,11144.513,11144.733,0.0,849.0,0.0
2026-03-02 12Z,2061.611,2061.615,-0.065,0.0,0.0
2026-03-04 00Z,8318.343,8318.474,0.0,1777.0,-21.0
2026-03-04 12Z,2174.211,2174.27,0.0,4.0,0.0
2026-03-05 00Z,1520.232,1520.256,0.0,7.0,0.0
2026-03-05 12Z,1112.898,1112.917,0.0,1.0,0.0
2026-03-06 12Z,1208.404,1208.426,0.0,527.0,-11.0
2026-03-07 00Z,7269.842,7269.865,0.0,3301.0,-4.0
2026-03-09 12Z,2369.987,2370.012,0.0,25.0,-714.0
2026-03-10 00Z,7349.08,7349.193,0.0,648.0,-234.0
2026-03-10 12Z,2131.21,2131.284,0.0,667.0,-444.0
2026-03-11 00Z,10028.286,10028.303,0.0,3624.0,0.0
2026-03-15 00Z,7940.711,7940.805,0.0,267.0,-319.0
2026-03-15 12Z,1688.351,1688.353,-226.247,965.0,-557.0
2026-03-21 00Z,18372.754,18372.863,0.0,107.0,-211.0
2026-03-22 00Z,17632.67,17632.672,0.0,956.0,-392.0
2026-03-26 00Z,14311.669,14311.699,0.0,1377.0,-231.0
2026-03-27 00Z,13862.689,13862.719,0.0,1796.0,-424.0
2026-03-30 00Z,10510.056,10510.128,0.0,536.0,-381.0
2026-03-31 00Z,12902.872,12902.881,0.0,1500.0,-267.0
2026-03-31 12Z,3066.03,3066.093,0.0,34.0,-799.0
2026-04-01 00Z,11406.787,11406.843,0.0,2405.0,-146.0
2026-04-02 00Z,8840.449,8840.482,0.0,2762.0,0.0
2026-04-02 12Z,1730.778,1730.786,0.0,239.0,-159.0
2026-04-03 00Z,12004.04,12004.09,0.0,712.0,0.0
2026-04-03 12Z,3455.495,3455.512,0.0,1186.0,-199.0
2026-04-04 00Z,6143.097,6143.157,0.0,3347.0,-22.0
2026-04-10 00Z,7859.724,7859.796,0.0,1317.0,0.0
2026-04-11 00Z,9297.432,9297.538,0.0,2456.0,0.0
2026-04-12 00Z,6571.674,6571.801,0.0,1298.0,-2.0
2026-04-12 12Z,381.534,381.56,0.0,325.0,0.0
2026-04-13 00Z,8006.535,8006.626,0.0,4189.0,-3.0
2026-04-13 12Z,2878.869,2878.895,0.0,966.0,-206.0
2026-04-14 00Z,12386.12,12386.322,0.0,4701.0,-12.0
2026-04-14 12Z,2088.897,2088.961,0.0,2684.0,-1.0
2026-04-15 12Z,2132.599,2132.625,0.0,1857.0,-111.0
2026-04-16 00Z,5219.978,5220.032,0.0,3694.0,0.0
2026-04-16 12Z,2470.59,2470.632,0.0,2530.0,-211.0
2026-04-17 00Z,8152.681,8152.751,0.0,1857.0,-40.0
2026-04-17 12Z,1748.728,1748.752,-1.546,1345.0,-145.0
2026-04-18 00Z,3653.999,3654.04,0.0,2156.0,-4.0
2026-04-19 00Z,1746.024,1746.09,0.0,2.0,0.0
2026-04-22 00Z,63.625,63.632,-1.445,12.0,0.0
2026-04-22 12Z,116.638,116.654,-2.108,1.0,0.0
2026-04-23 00Z,591.284,591.326,-201.405,542.0,0.0
2026-04-23 12Z,1998.894,1998.949,-123.959,1718.0,-276.0
2026-04-24 00Z,8310.283,8310.518,0.0,4448.0,0.0
2026-04-24 12Z,3110.133,3110.177,0.0,605.0,-341.0
2026-04-25 00Z,4279.849,4279.901,0.0,2477.0,0.0
2026-04-27 12Z,4046.771,4046.828,0.0,3186.0,-233.0
2026-04-28 00Z,12591.223,12591.327,0.0,1544.0,-25.0
2026-05-02 00Z,3705.97,3705.976,0.0,19.0,0.0
2026-05-03 00Z,7464.667,7464.712,0.0,118.0,-3.0
2026-05-05 00Z,9253.087,9253.126,0.0,1806.0,-160.0
2026-05-05 12Z,2103.641,2103.706,-166.453,450.0,-550.0
2026-05-06 00Z,12.325,12.326,0.0,9.0,0.0
2026-05-07 00Z,11.119,11.122,0.0,15.0,0.0
2026-05-09 00Z,9636.029,9636.057,0.0,1986.0,-28.0
2026-05-10 00Z,11789.011,11789.18,0.0,1186.0,-134.0
2026-05-11 00Z,97.792,97.797,0.0,1.0,0.0
2026-05-13 00Z,8614.577,8614.615,0.0,1121.0,-383.0
2026-05-14 00Z,11284.796,11284.923,0.0,2282.0,0.0
2026-05-15 00Z,12688.791,12688.828,0.0,3703.0,-207.0
2026-05-15 12Z,8277.464,8277.507,0.0,374.0,-926.0
2026-05-16 00Z,15122.007,15122.084,0.0,2380.0,-299.0
2026-05-16 12Z,5656.699,5656.714,0.0,1364.0,-467.0
2026-05-17 00Z,10843.264,10843.343,0.0,2421.0,-242.0
2026-05-17 12Z,2540.07,2540.076,-118.792,989.0,-523.0
2026-05-18 00Z,10090.35,10090.557,0.0,4832.0,0.0
2026-05-18 12Z,3533.703,3533.733,0.0,3863.0,-13.0
2026-05-19 00Z,13127.766,13127.866,0.0,4446.0,0.0
2026-05-19 12Z,2305.61,2305.636,0.0,6.0,0.0
2026-05-20 00Z,2123.664,2123.711,0.0,11.0,0.0
2026-05-20 12Z,1428.972,1428.99,0.0,5.0,0.0
2026-05-21 00Z,320.888,320.888,-196.033,22.0,0.0
2026-05-22 00Z,2703.19,2703.287,0.0,1601.0,0.0
2026-05-23 00Z,8923.547,8923.565,0.0,3576.0,0.0
2026-05-23 12Z,434.39,434.409,0.0,65.0,-306.0
2026-05-24 00Z,7293.262,7293.456,0.0,1672.0,0.0
2026-05-25 00Z,9754.777,9754.778,0.0,1619.0,0.0
2026-05-26 00Z,10926.28,10926.319,0.0,974.0,0.0
2026-05-26 12Z,3231.496,3231.511,0.0,113.0,-145.0
2026-05-27 00Z,9145.104,9145.147,0.0,1705.0,0.0
2026-05-27 12Z,2606.397,2606.419,0.0,28.0,-219.0
2026-05-28 00Z,1161.014,1161.138,0.0,606.0,-43.0
2026-05-28 12Z,526.843,526.936,0.0,69.0,0.0
2026-05-29 00Z,9524.76,9524.921,0.0,1973.0,0.0
2026-05-29 12Z,3714.654,3714.675,0.0,233.0,-207.0
2026-05-30 00Z,12659.057,12659.166,0.0,4573.0,-15.0
2026-05-30 12Z,4503.105,4503.209,0.0,1153.0,-356.0
2026-05-31 00Z,11292.541,11292.627,0.0,3082.0,-191.0
2026-05-31 12Z,5869.912,5869.942,0.0,2310.0,-374.0
2026-06-01 00Z,18013.041,18013.146,0.0,4237.0,-42.0
2026-06-01 12Z,5851.239,5851.304,0.0,1966.0,-391.0
2026-06-02 00Z,17338.916,17339.021,0.0,5521.0,-32.0
2026-06-02 12Z,3193.7,3193.713,0.0,25.0,-471.0
2026-06-03 00Z,9486.013,9486.167,0.0,2420.0,-185.0
2026-06-03 12Z,2001.804,2001.85,0.0,450.0,-164.0
2026-06-04 00Z,10434.407,10434.507,0.0,2794.0,0.0
2026-06-04 12Z,2209.585,2209.626,0.0,89.0,-235.0
2026-06-05 00Z,12375.289,12375.447,0.0,2784.0,0.0
2026-06-05 12Z,1761.711,1761.733,0.0,1453.0,-1.0
2026-06-06 00Z,8442.857,8442.961,0.0,3417.0,-13.0
2026-06-06 12Z,2737.935,2738.047,0.0,1846.0,-5.0
2026-06-07 00Z,7190.049,7190.056,0.0,2645.0,-5.0
2026-06-07 12Z,741.666,741.676,0.0,121.0,0.0
2026-06-08 00Z,11557.371,11557.41,0.0,4066.0,0.0
2026-06-08 12Z,3824.544,3824.555,0.0,3194.0,-6.0
2026-06-09 00Z,14542.786,14542.83,0.0,4722.0,-217.0
2026-06-09 12Z,1805.608,1805.621,-215.352,1288.0,-428.0
